Date/Time,Word Count,de,en,es,fr,ja,ko,pl,pt-BR,ru,zh-Hans,zh-Hant
2026.09.06-15.09.57,4542,0,4542,0,0,0,0,0,0,0,0,0
2026.09.06-15.16.12,4545,0,4545,0,0,0,0,0,0,0,0,0
2026.09.06-15.18.46,4577,0,4577,0,0,0,0,0,0,0,0,0
2026.09.06-15.24.49,4562,0,4562,0,0,0,0,0,0,0,0,0
2026.09.06-19.11.37,4539,70,4539,70,70,70,70,70,70,70,70,70
2026.09.06-20.40.09,4354,355,4354,355,355,355,355,355,355,355,355,355
2026.09.06-21.12.43,4308,823,4308,823,823,823,823,823,823,823,823,823
2026.09.06-22.45.36,4304,818,4304,818,818,818,818,818,818,818,818,818
2026.09.06-23.23.07,4382,897,4382,897,897,897,897,897,897,897,897,897
2026.09.07-16.26.51,4350,897,4350,897,897,897,897,897,897,897,897,897
2026.09.07-16.30.38,4344,897,4344,897,897,897,897,897,897,897,897,897
